{
  "month": 6,
  "weeks_included": [
    20,
    21,
    22,
    23
  ],
  "avg_accuracy": 0.9299999999999999,
  "avg_f1_score": 0.9473424033003994,
  "drift_weeks": 0,
  "total_samples": 200,
  "performance_trend": "stable"
}